PubmedID,Title,PublicationDate,CorrespondingEmail
40132181,Detection of Clinically Significant Drug-Drug Interactions in Fatal Torsades de Pointes: Disproportionality Analysis of the Food and Drug Administration Adverse Event Reporting System.,2025,N/A
40132166,How I treat chronic myeloid leukemia in children and adolescents.,2025,N/A
40132163,Optimizing skin cancer screening with convolutional neural networks in smart healthcare systems.,2025,N/A
40132158,"General Practitioners' Needs and Preferences Regarding the Provision of Self-sampling Tests for Cervical Cancer Screening in Flanders, Belgium.",2025,N/A
40132148,,2025,N/A
40132118,"Palliative and End-of-Life Disparities for Pediatric Hispanic, Spanish-Preferring Patients With Cancer.",2025,N/A
40132080,PD-L1-Targeting Autophagy Modulator to Upregulate MHC-I and Activate Photo-Immunotherapy for Metastatic Tumor Eradication.,2025,N/A
40132064,"Immunopathology of Endometriosis, Molecular Approaches.",2025,N/A
40132052,A lupus-derived autoantibody that binds to intracellular RNA activates cGAS-mediated tumor immunity and can deliver RNA into cells.,2025,N/A
40132000,A machine learning-based model for predicting survival in patients with Rectosigmoid Cancer.,2025,N/A
